feature nr: 1, importance: 0.00832
feature nr: 4, importance: 0.00948
feature nr: 65, importance: 0.01174
feature nr: 108, importance: 0.01268
feature nr: 152, importance: 0.05623
feature nr: 8740, importance: 0.13340
feature nr: 10995, importance: 0.00394
feature nr: 29807, importance: 0.03731
feature nr: 52663, importance: 0.02154
feature nr: 103696, importance: 0.07122
feature nr: 122102, importance: 0.07492
feature nr: 136497, importance: 0.01413
feature nr: 175047, importance: 0.08592
feature nr: 211805, importance: 0.43092
feature nr: 263253, importance: 0.02824
