feature nr: 9693, importance: 0.00267
feature nr: 29469, importance: 0.00391
feature nr: 78688, importance: 0.49676
feature nr: 111392, importance: 0.02489
feature nr: 116456, importance: 0.06683
feature nr: 161333, importance: 0.01824
feature nr: 175496, importance: 0.13121
feature nr: 184922, importance: 0.10025
feature nr: 195592, importance: 0.01346
feature nr: 215631, importance: 0.00187
feature nr: 222498, importance: 0.09993
feature nr: 232908, importance: 0.00599
feature nr: 235615, importance: 0.03400
